insert into bins (id, waste_type, size_long, size_height, size_wide, daily_cost, description, amount, created_at, updated_at, deleted_at)
values  (17, 'MIXED WASTE', 4, 4, 4, 5, 'Great for small house disposal', 1, '2020-07-09 16:23:21', '2020-08-05 21:44:43', '2020-08-06 13:50:36'),
        (18, 'MIXED WASTE', 6, 6, 6, 5, 'Great for Big house disposal', 1, '2020-07-09 16:24:22', '2020-10-17 20:15:18', null),
        (19, 'CLEAN FILL', 10, 10, 5, 50, 'Lots of space', 5, '2020-07-09 16:24:56', '2020-07-09 16:24:56', null),
        (20, 'MIXED WASTE', 10, 2, 5, 25, 'Good for any situation', 2, '2020-07-09 16:26:53', '2020-08-24 17:45:56', null),
        (21, 'CONSTRUCTION', 5, 5, 5, 120, 'Great space', null, '2020-08-05 22:28:11', '2020-08-05 22:28:11', '2020-08-05 22:54:58'),
        (31, 'CONSTRUCTION', 15, 6, 10, 120, 'A great option for a small construction site', 6, '2020-08-05 22:56:03', '2020-08-06 13:50:22', '2020-08-24 17:45:40'),
        (41, 'CONSTRUCTION', 5, 5, 5, 100, 'Bin for rental', 5, '2020-08-06 13:51:04', '2020-08-06 13:51:24', null),
        (51, 'CONSTRUCTION', 5, 5, 5, 10, 'My bin', 3, '2020-08-10 13:55:11', '2020-08-10 13:55:11', '2020-08-10 13:55:38');



insert into users (id, first_name, last_name, phone, email, staff, created_at, updated_at, deleted_at)
values  (1, 'Thiago', 'Andrade', '12345678912', 'thiago@gmail.com', 1, '2020-07-06 11:23:47', '2021-01-19 00:14:06', null),
        (2, 'Jenny', 'Hide', '12345678912', 'jenny@gmail.com', 0, '2020-07-06 11:23:53', '2020-07-06 11:23:53', null),
        (3, 'patrick', 'mcdonalds', '12345678912', 'patrick@gmail.com', 0, '2020-07-06 11:24:02', '2020-07-06 11:24:02', null),
        (4, 'jonny', 'cash', '12345678912', 'jonny@gmail.com', 0, '2020-07-06 11:24:08', '2020-07-06 11:24:08', null),
        (5, 'Jeff', 'besos', '12345678912', 'jeff@gmail.com', 0, '2020-07-06 11:24:20', '2020-07-06 11:24:20', null),
        (6, 'jack', 'ripper', '12345678912', 'jack@gmail.com', 1, '2020-07-06 11:24:39', '2020-07-06 11:24:39', '2020-07-31 02:56:04'),
        (7, 'peter', 'pan', '12345678912', 'peter@gmail.com', 1, '2020-07-06 11:24:53', '2020-07-06 11:24:53', '2020-07-31 01:18:25'),
        (8, 'karolina', 'kanto', '12345678912', 'amanda@gmail.com', 0, '2020-07-06 11:25:16', '2020-07-06 11:25:16', '2020-07-31 01:16:50'),
        (16, 'Ashley', 'johson', '16476670236', 'ash@gmail.com', 0, '2020-07-30 04:31:54', '2020-07-30 04:31:54', '2020-07-30 04:59:30'),
        (17, 'Ashley', 'Bains O`hare', '16476670236', 'ash@gmail.com', 0, '2020-07-30 05:00:22', '2020-08-24 17:34:54', null),
        (18, 'Lain', 'Main', '16476670236', 'lain@ghmail.com', 1, '2020-07-30 06:28:45', '2020-07-30 06:28:45', '2020-07-31 02:54:08'),
        (19, 'Lain', 'Main', '16476670236', 'lain@ghmail.com', 1, '2020-07-31 02:57:35', '2020-07-31 02:57:35', '2020-07-31 02:57:40'),
        (20, 'Lain', 'Main', '16476670236', 'lain@ghmail.com', 1, '2020-07-31 02:58:10', '2020-07-31 02:58:10', '2020-07-31 14:01:44'),
        (21, 'marcus', 'peter', '16476600236', 'marcus@gmail.com', 0, '2020-07-31 03:04:04', '2020-07-31 03:04:04', null),
        (22, 'Lain', 'Main', '16476670236', 'lain@ghmail.com', 1, '2020-07-31 14:02:04', '2020-07-31 14:02:04', '2020-08-10 13:57:59'),
        (23, 'peter', 'doe', '16476670236', 'peter@gmail.com', 0, '2020-07-31 14:06:27', '2020-07-31 14:06:27', null),
        (24, 'Olivia', 'Santos', '16476670236', 'olivia@gmail.com', 0, '2020-08-03 17:58:51', '2020-08-03 17:58:51', null),
        (41, 'Daniel', 'jjrerer', '16476670236', 'daniel@GMAIL.COM', 1, '2020-08-06 13:49:31', '2020-08-06 13:49:31', null),
        (51, 'Derik', 'doe', '16476670236', 'derick@gmail.como', 1, '2020-08-10 03:02:39', '2020-08-10 03:02:39', '2020-08-10 03:03:20'),
        (61, 'Flavia', 'Alessandra', '16475717485', 'flavia@gmail.com', 0, '2020-08-10 03:36:44', '2020-08-10 03:36:44', null),
        (91, 'Angel', 'Oliveira', '12345678912', 'angel@gmail.com', 0, '2020-08-10 12:11:35', '2020-08-10 12:11:35', null),
        (101, 'Jordan', 'Michael', '164757186833', 'jordan@gmail.com', 0, '2020-08-10 13:08:44', '2020-08-10 13:08:44', null),
        (111, 'Karen', 'mcain', '16479999999', 'karen@gmail.com', 0, '2020-10-17 20:17:39', '2020-10-17 20:17:39', null);



insert into addresses (id, street, number_street, city, province, zipcode, created_at, updated_at, deleted_at, user_id)
values  (1, 'Duplex ave', '411', 'Toronto', 'Ontario', 'M4R1V2', '2020-07-06 11:23:53', '2020-07-06 11:23:53', null, 2),
        (2, 'Duplex ave', '411', 'Toronto', 'Ontario', 'M4R1V2', '2020-07-06 11:24:02', '2020-07-06 11:24:02', null, 3),
        (3, 'Duplex ave', '411', 'Toronto', 'Ontario', 'M4R1V2', '2020-07-06 11:24:08', '2020-07-06 11:24:08', null, 4),
        (4, 'Duplex ave', '411', 'Toronto', 'Ontario', 'M4R1V2', '2020-07-06 11:24:20', '2020-07-06 11:24:20', null, 5),
        (5, 'Duplex ave', '411', 'Toronto', 'Ontario', 'M4R1V2', '2020-07-06 11:25:16', '2020-07-06 11:25:16', null, 8),
        (6, 'Duplex', '55', 'Toronto', 'Ontario', 'M4R1V2', '2020-07-30 04:31:54', '2020-07-30 04:31:54', null, 16),
        (7, 'Duplex ave', '400', 'Toronto', 'Manitoba', '8NV3BJ', '2020-07-30 05:00:22', '2020-08-10 13:52:45', null, 17),
        (8, 'Erskine', '22164', 'London', 'Ontario', 'MH4B4J', '2020-07-30 05:00:22', '2020-08-24 17:35:33', null, 17),
        (9, 'yonge st', '55', 'Toronto', 'Ontario', '446546', '2020-07-31 02:20:59', '2020-07-31 02:40:08', '2020-07-31 14:00:51', 17),
        (21, 'Erkine', '22164', 'London', 'Ontario', '446546', '2020-07-31 03:04:04', '2020-07-31 03:04:04', null, 21),
        (22, 'nella', '5', 'adasd', 'ada', '55', '2020-07-31 05:48:06', '2020-07-31 05:48:06', '2020-07-31 05:48:08', 17),
        (23, 'nella', '5', 'adasd', 'ada', '55', '2020-07-31 14:01:02', '2020-07-31 14:01:02', '2020-08-10 02:57:51', 17),
        (24, 'Erkine', '22164', 'London', 'Ontario', '446546', '2020-07-31 14:06:27', '2020-07-31 14:06:27', null, 23),
        (25, 'King street', '65', 'Toronto', 'Ontario', 'M43RA2', '2020-08-03 17:58:51', '2020-08-03 17:58:51', null, 24),
        (26, 'my new add', '500', 'Toronto', 'Manitoba', '446546', '2020-08-03 19:24:45', '2020-08-03 19:24:45', '2020-08-05 22:58:05', 17),
        (31, 'Yonge street', '500', 'Toronto', 'Manitoba', 'M4F3V5', '2020-08-05 22:57:31', '2020-08-10 02:58:35', '2020-08-10 13:52:36', 17),
        (41, 'Yonge street', '254', 'Toronto', 'Ontario', 'M3R1B5', '2020-08-10 02:58:18', '2020-08-10 02:58:18', '2020-08-10 02:59:14', 17),
        (51, '80 Street Road', '108', 'Toronto', 'Ontario', 'M6N4N6', '2020-08-10 03:36:44', '2020-08-10 03:36:44', null, 61),
        (71, 'Duplex ave', '411', 'Toronto', 'Ontario', 'M4R1V2', '2020-08-10 12:11:35', '2020-08-10 12:11:35', null, 91),
        (81, 'Thirty First Street', '12', 'Toronto', 'Ontario', 'M7R3L9', '2020-08-10 12:14:33', '2020-08-10 12:14:33', null, 91),
        (91, 'Street Avenue', '100', 'Toronto', 'Ontario', 'M6N4N6', '2020-08-10 13:08:44', '2020-08-10 13:08:44', null, 101),
        (101, 'street avenue', '12', 'toronto', 'ontario', 'm6n5h3', '2020-10-17 20:17:39', '2020-10-17 20:17:39', null, 111);


insert into logins (username, password, created_at, updated_at, user_id)
values  ('angel', '$2b$10$bK2IhBlZyUeXFfXrNhnvsexiBjXpJRHdLVNGSMoSB9dBXzjSiNZL6', '2020-08-10 12:11:35', '2020-08-10 12:11:35', 91),
        ('ashley', '$2b$10$RlX9nJsC6uDm.cub1VPTXeUGn.7yvXfCKphsLREp7XhCiyB0qcPXe', '2020-07-30 05:00:22', '2020-08-24 17:02:48', 17),
        ('daniel', '$2b$10$6famkt.FzRm8djioVO6lcu4e6n67JFtY0YubbZNnLvopu2tD9VZ7i', '2020-08-06 13:49:31', '2020-08-06 13:49:31', 41),
        ('flavia', '$2b$10$M10b3RKuKO1uNmjUxjqlDuhqg58gvW4GyUt8X8sy0GenHluFZofzG', '2020-08-10 03:36:44', '2020-08-10 03:36:44', 61),
        ('Jeff', '$2b$10$uY5RrFwPfiMD6djpxjpgDuwqA3kru48FMjHPm0PLmmBSyefrdNiK2', '2020-07-06 11:24:20', '2020-07-06 11:24:20', 5),
        ('Jenny', '$2b$10$5nLhrMXcBq5xDPMwRwILdOswNxEpGcL30TmGPhCOIhQjTrUFnSnlG', '2020-07-06 11:23:53', '2020-07-06 11:23:53', 2),
        ('jonny', '$2b$10$Tvzj.2O4aemM8NSJEB/ewebPsW3qDAeuYgygE5J5v0Qn3H97g.g5G', '2020-07-06 11:24:08', '2020-07-06 11:24:08', 4),
        ('jordan', '$2b$10$FwfTx3F2ak0E508.reiKM.42cpKk2CX3fhiWYNU4/RroaR1Pca8a6', '2020-08-10 13:08:44', '2020-08-10 13:08:44', 101),
        ('karen', '$2b$10$nPelyuiqW9XBBs/5Nj4KhezOW8NEZZOxDKr3W3bFbDRKRL2A8izfi', '2020-10-17 20:17:39', '2020-10-17 20:17:39', 111),
        ('marcus', '$2b$10$weBgJg.tGrl9iErutzcIK.5h5W8dcFd..S4fW2zXEpotmOyPXGNym', '2020-07-31 03:04:04', '2020-07-31 03:04:04', 21),
        ('olivia', '$2b$10$HHViQr1hEVj/0EMFqxKyn.2cq6p7Z3pFqwP6TcwoGAX041tndGhsG', '2020-08-03 17:58:51', '2020-08-03 17:58:51', 24),
        ('patrick', '$2b$10$rT5A0kdwcwiPEaMn6Nib4uDb9SVZNd08zgBmQRcetO6TKknVDOxmO', '2020-07-06 11:24:02', '2020-07-06 11:24:02', 3),
        ('peterp', '$2b$10$WfGEumth1bUV4RSyKV.YCOMTPhd/lsLCZuvivgld/eTGj.smjNe8u', '2020-07-31 14:06:27', '2020-07-31 14:06:27', 23),
        ('thiago', '$2b$10$HHViQr1hEVj/0EMFqxKyn.2cq6p7Z3pFqwP6TcwoGAX041tndGhsG', '2020-07-06 11:23:47', '2020-07-06 11:23:47', 1);



insert into orders (id, order_date, drop_off_date, pick_up_date, subtotal, taxes, status, created_at, updated_at, deleted_at, user_id, address_id)
values  (4, '2020-07-10 02:23:53', '2020-07-10 02:23:53', '2020-07-15 02:23:53', 10, 10, 'Complete', '2020-07-09 21:03:25', '2020-07-24 14:08:20', null, 2, 1),
        (5, '2018-08-06 14:23:53', '2020-07-10 02:23:53', '2020-07-12 02:23:53', 10, 10, 'Delivered', '2020-07-09 21:04:47', '2020-08-01 03:00:54', null, 3, 1),
        (6, '2018-02-06 11:23:53', '2018-02-06 11:23:53', '2018-02-06 11:23:53', 10, 10, 'Complete', '2020-07-09 21:04:50', '2020-07-17 03:47:48', null, 3, 1),
        (7, '2018-04-28 08:20:50', '2018-04-28 08:20:50', '2018-04-28 08:20:50', 10, 10, 'Delivered', '2020-07-09 21:04:58', '2020-07-17 03:29:38', null, 4, 1),
        (8, '2020-05-12 11:23:53', '2020-07-12 02:23:53', '2020-07-20 02:23:53', 10, 10, 'Complete', '2020-07-09 21:05:03', '2020-08-06 13:34:17', null, 17, 1),
        (9, '2017-02-25 11:23:53', '2017-02-25 11:23:53', '2017-02-25 11:23:53', 10, 10, 'Delivered', '2020-07-10 05:30:22', '2020-07-17 03:47:39', null, 5, 1),
        (10, '2016-03-30 11:23:53', '2016-03-30 11:23:53', '2016-03-30 11:23:53', 10, 10, 'In progress', '2020-07-10 05:30:27', '2020-07-10 05:30:27', null, 3, 1),
        (11, '2012-10-06 09:20:53', '2012-10-06 09:20:53', '2012-10-06 09:20:53', 10, 10, 'In progress', '2020-07-10 05:30:29', '2020-07-10 05:30:29', null, 17, 1),
        (12, '2017-11-06 11:23:53', '2020-07-09 17:53:40', '2020-07-28 17:54:38', 10, 10, 'In progress', '2020-07-10 05:30:29', '2020-07-10 05:30:29', null, 3, 1),
        (13, '2020-07-06 11:23:53', '2020-07-06 11:23:53', '2020-07-06 11:23:53', 10, 10, 'In progress', '2020-07-29 22:10:02', '2020-07-29 22:10:02', null, 3, 1),
        (23, '2020-08-03 20:09:39', '2020-08-05 21:09:00', '2020-08-06 21:09:00', 5, 0.65, 'In progress', '2020-08-03 20:10:21', '2020-08-03 20:10:21', null, 17, 7),
        (51, '2020-08-05 22:56:28', '2020-08-06 22:56:00', '2020-08-08 22:56:00', 600, 78, 'In progress', '2020-08-05 22:57:32', '2020-08-05 22:57:32', null, 17, 31),
        (61, '2020-08-06 13:32:00', '2020-08-07 17:01:00', '2020-08-09 17:01:00', 10, 1.3, 'Complete', '2020-08-06 13:33:46', '2020-08-06 13:49:00', null, 17, 7),
        (71, '2020-08-06 13:51:44', '2020-08-07 17:01:00', '2020-08-10 17:01:00', 315, 40.95, 'Delivered', '2020-08-06 13:54:48', '2020-08-06 13:58:11', null, 17, 31),
        (81, '2020-08-10 02:55:27', '2020-08-11 02:55:00', '2020-08-13 02:55:00', 440, 57.2, 'In progress', '2020-08-10 02:56:51', '2020-08-10 02:56:51', null, 17, 8),
        (91, '2020-08-10 02:59:19', '2020-08-11 02:59:00', '2020-08-13 02:59:00', 250, 32.5, 'In progress', '2020-08-10 03:00:19', '2020-08-10 03:00:19', null, 17, 31),
        (101, '2020-08-10 03:43:52', '2020-08-10 16:01:00', '2020-08-14 17:00:00', 200, 26, 'Delivered', '2020-08-10 03:47:29', '2020-08-10 04:01:19', null, 61, 51),
        (111, '2020-08-10 12:12:05', '2020-08-11 16:30:00', '2020-08-15 01:00:00', 300, 39, 'In progress', '2020-08-10 12:14:33', '2020-08-10 12:14:33', null, 91, 81),
        (121, '2020-08-10 13:09:03', '2020-08-11 16:00:00', '2020-08-17 16:00:00', 330, 42.9, 'Delivered', '2020-08-10 13:12:03', '2020-08-10 13:16:11', null, 101, 91),
        (131, '2020-08-10 13:48:02', '2020-08-12 13:48:00', '2020-08-14 13:48:00', 580, 75.4, 'Delivered', '2020-08-10 13:51:18', '2020-08-10 14:04:24', null, 17, 8),
        (141, '2020-08-24 17:35:42', '2020-08-25 17:01:00', '2020-08-26 17:01:00', 205, 26.65, 'Complete', '2020-08-24 17:39:04', '2020-08-24 17:44:56', null, 17, 8),
        (151, '2020-10-17 20:17:45', '2020-10-19 04:00:00', '2020-10-21 16:00:00', 100, 13, 'Delivered', '2020-10-17 20:19:54', '2020-10-17 20:20:51', null, 111, 101);





insert into ordersbins (selected, created_at, updated_at, deleted_at, order_id, bin_id)
values  (1, '2020-07-10 11:09:15', '2020-07-10 11:09:17', null, 4, 17),
        (1, '2020-07-10 11:12:43', '2020-07-10 11:12:44', null, 4, 18),
        (1, '2020-07-10 11:12:43', '2020-07-10 11:12:44', null, 5, 17),
        (1, '2020-07-10 11:12:43', '2020-07-10 11:12:44', null, 6, 17),
        (1, '2020-07-10 11:12:43', '2020-07-10 11:12:44', null, 7, 18),
        (1, '2020-07-10 11:12:43', '2020-07-10 11:12:44', null, 8, 18),
        (1, '2020-07-10 11:12:43', '2020-07-10 11:12:44', null, 9, 31),
        (1, '2020-07-10 11:12:43', '2020-07-10 11:12:44', null, 10, 18),
        (1, '2020-07-10 11:12:43', '2020-07-10 11:12:44', null, 11, 17),
        (1, '2020-07-10 17:45:07', '2020-07-10 17:45:08', null, 12, 20),
        (1, '2020-07-10 11:12:43', '2020-07-10 11:12:44', null, 13, 31),
        (1, '2020-08-03 20:10:21', '2020-08-03 20:10:21', null, 23, 18),
        (2, '2020-08-05 22:57:32', '2020-08-05 22:57:32', null, 51, 31),
        (1, '2020-08-06 13:33:46', '2020-08-06 13:33:46', null, 61, 17),
        (1, '2020-08-06 13:54:48', '2020-08-06 13:54:48', null, 71, 18),
        (2, '2020-08-06 13:54:49', '2020-08-06 13:54:49', null, 71, 19),
        (1, '2020-08-10 02:56:51', '2020-08-10 02:56:51', null, 81, 31),
        (1, '2020-08-10 02:56:51', '2020-08-10 02:56:51', null, 81, 41),
        (1, '2020-08-10 03:00:19', '2020-08-10 03:00:19', null, 91, 18),
        (1, '2020-08-10 03:00:19', '2020-08-10 03:00:19', null, 91, 31),
        (1, '2020-08-10 03:47:29', '2020-08-10 03:47:29', null, 101, 19),
        (2, '2020-08-10 12:14:33', '2020-08-10 12:14:33', null, 111, 19),
        (1, '2020-08-10 13:12:03', '2020-08-10 13:12:03', null, 121, 19),
        (1, '2020-08-10 13:12:03', '2020-08-10 13:12:03', null, 121, 20),
        (1, '2020-08-10 13:51:18', '2020-08-10 13:51:18', null, 131, 19),
        (2, '2020-08-10 13:51:18', '2020-08-10 13:51:18', null, 131, 31),
        (1, '2020-08-24 17:39:04', '2020-08-24 17:39:04', null, 141, 20),
        (2, '2020-08-24 17:39:04', '2020-08-24 17:39:04', null, 141, 41),
        (1, '2020-10-17 20:19:54', '2020-10-17 20:19:54', null, 151, 19);        